PM2.5,PM10,NO2,SO2,CO,Temperature,Humidity,AQI
118.62,308.14,71.42,15.84,0.79,30.93,45.83,188.86
285.71,29.34,18.98,57.95,0.54,11.9,29.49,163.16
222.28,28.41,84.88,20.16,4.57,39.9,56.29,240.41
183.61,142.97,65.69,29.31,1.11,29.52,27.88,223.74
55.25,205.68,137.04,23.43,4.14,11.29,85.38,140.3
55.24,312.75,123.13,19.92,2.81,43.49,32.85,188.78
26.84,279.65,76.1,82.92,0.57,25.73,37.69,61.46
261.19,189.44,47.49,30.0,4.79,7.92,48.46,286.0
184.32,123.98,197.67,92.86,1.39,30.07,46.82,201.06
215.34,398.91,93.53,97.05,4.33,15.13,75.63,318.69
15.97,181.95,139.21,57.98,1.01,37.15,51.94,84.46
291.27,191.53,32.41,16.01,4.3,37.71,31.95,236.35
251.41,82.18,99.69,38.71,0.26,44.16,38.7,177.1
71.58,322.03,10.37,80.18,2.66,25.07,55.64,215.38
62.73,283.6,103.56,38.0,3.89,23.2,30.32,194.89
63.19,103.89,192.98,10.53,4.69,35.14,62.82,188.37
98.23,51.3,79.92,56.56,4.56,10.3,59.6,120.26
162.18,278.59,12.6,84.82,4.13,26.88,70.03,248.69
135.26,268.71,11.04,80.0,4.46,26.85,85.64,212.12
94.46,123.84,80.66,19.16,1.16,8.58,83.86,81.41
187.44,381.33,36.2,67.93,1.56,21.72,86.23,208.47
50.45,77.4,9.55,23.61,1.59,39.13,37.13,63.54
94.72,184.29,152.46,23.38,2.01,39.25,29.21,176.47
116.24,378.57,94.41,87.66,2.09,8.97,41.16,195.99
142.26,179.5,61.4,26.47,2.81,8.63,82.66,161.38
237.7,262.64,180.52,27.8,0.97,15.51,88.04,228.48
67.91,171.09,27.65,2.06,3.52,39.99,80.15,109.9
159.13,124.2,191.4,87.33,1.0,10.16,27.7,220.44
181.8,393.91,66.22,79.67,1.69,33.8,86.32,216.85
23.47,175.55,178.24,63.48,2.62,9.05,49.64,127.17
186.19,359.76,122.57,75.53,4.02,29.93,20.65,282.84
59.45,107.38,166.21,16.9,3.75,19.24,50.97,201.54
28.86,100.98,196.88,46.92,3.3,36.56,23.22,161.65
285.18,31.83,61.24,36.42,0.95,14.35,58.07,146.19
290.03,267.63,192.42,11.19,2.83,30.57,43.7,336.05
244.44,160.04,80.95,49.64,0.62,14.43,53.14,192.86
98.34,348.46,80.17,92.23,2.01,33.55,62.92,206.72
38.32,199.82,71.38,5.93,2.18,39.95,80.82,104.72
208.43,387.91,110.57,30.56,0.39,10.07,66.33,214.92
137.64,90.5,35.06,22.34,1.52,39.66,50.38,128.95
45.39,350.08,112.97,25.34,4.79,28.74,77.36,211.81
153.6,315.11,110.63,91.03,4.78,10.08,83.39,318.56
19.97,312.95,153.57,47.87,1.89,22.1,28.38,136.92
273.7,341.02,167.56,47.7,0.41,11.43,57.24,306.87
85.05,309.19,90.89,76.54,1.06,33.01,39.92,167.56
202.13,257.96,63.95,17.14,2.08,35.35,23.29,235.05
100.4,69.87,55.57,49.75,4.75,9.23,66.8,183.04
160.82,32.36,42.95,44.14,0.88,25.25,80.39,80.85
168.55,369.92,16.24,60.5,3.86,37.59,31.4,293.94
63.61,254.33,71.78,99.96,0.72,42.45,76.87,56.11
291.18,322.68,57.7,77.41,4.91,25.54,79.74,317.95
234.79,202.98,193.45,40.99,2.03,43.01,84.0,213.38
282.45,64.58,113.75,83.1,3.92,26.43,38.57,227.15
269.5,67.57,72.72,18.73,1.84,20.77,83.28,177.88
183.39,280.51,118.19,4.99,3.21,38.93,42.45,261.09
277.34,183.52,32.14,22.04,1.12,24.72,58.66,224.73
35.66,96.2,91.59,35.36,0.9,23.88,23.54,85.5
66.84,206.81,127.12,52.04,4.7,24.61,23.07,196.53
23.12,44.4,100.34,62.28,4.6,38.87,70.43,131.27
104.35,241.15,83.35,91.24,4.46,38.28,51.11,227.29
122.72,122.22,198.8,51.97,3.2,21.14,37.94,219.0
88.69,323.07,176.66,51.13,4.08,18.33,33.33,272.74
250.33,137.94,126.56,6.92,0.53,24.68,66.9,183.84
113.46,192.98,116.03,5.42,1.81,27.91,20.03,146.13
91.47,24.42,126.03,56.01,1.71,14.53,76.41,78.82
167.38,47.53,44.26,44.94,3.25,36.76,25.55,154.89
50.87,169.15,82.05,84.24,1.91,24.46,33.4,121.31
242.64,202.38,12.69,17.75,0.91,18.36,47.04,197.14
31.62,248.01,97.73,4.45,3.06,9.27,53.94,173.1
296.2,130.83,110.89,46.01,4.11,14.55,44.85,281.6
233.95,284.09,49.41,25.27,2.03,42.97,42.45,242.88
67.63,346.85,192.99,6.86,0.83,17.2,87.47,171.1
11.6,316.34,182.34,73.01,1.14,11.75,64.91,134.9
246.48,35.06,145.82,12.94,1.34,23.43,21.64,161.39
214.99,202.59,109.01,61.62,1.64,17.28,50.11,170.12
221.41,59.87,174.64,29.54,3.29,6.41,81.25,190.59
233.67,111.98,30.48,19.0,3.08,17.93,41.1,219.52
31.47,394.93,159.15,39.22,3.54,26.76,26.62,215.21
113.96,74.15,29.34,80.54,1.94,27.07,73.09,104.07
43.6,209.58,159.87,40.43,4.16,19.26,62.42,196.83
260.3,254.9,58.77,75.58,1.18,22.89,59.92,244.57
190.76,286.94,176.03,14.3,2.45,43.62,23.75,232.98
105.96,232.67,189.09,77.73,4.04,20.09,29.83,265.15
28.43,23.71,34.02,25.22,1.06,15.33,63.58,60.96
100.18,144.06,95.22,68.38,0.73,14.74,34.55,95.18
104.3,216.73,196.29,57.45,4.44,23.31,55.28,213.79
221.59,53.39,99.26,93.06,1.85,35.38,58.14,205.31
194.89,153.24,173.39,39.96,3.48,13.24,39.85,236.06
267.29,32.62,119.8,8.48,0.32,33.37,86.39,93.23
146.94,49.86,78.19,3.88,3.51,5.85,78.97,115.97
44.68,170.83,60.73,83.03,1.72,21.76,70.57,101.03
216.84,70.43,44.63,53.42,0.47,36.03,25.46,116.5
230.63,235.67,153.55,77.97,3.13,18.55,27.43,268.56
172.77,282.0,80.38,24.97,1.36,27.55,54.49,201.22
233.58,324.22,104.7,35.82,2.06,13.2,31.25,306.96
153.2,96.06,101.0,4.95,0.59,34.68,88.48,104.11
161.59,83.64,117.57,96.23,0.91,7.09,31.1,174.71
133.99,59.74,173.79,67.45,1.63,39.1,54.12,178.5
17.37,261.84,196.24,93.45,0.63,12.93,45.49,170.64
41.29,288.46,84.48,28.02,4.57,39.98,64.76,205.97
19.11,32.0,166.37,61.92,0.23,19.1,29.03,5.43
194.56,375.76,154.08,68.49,2.52,33.91,50.12,294.56
101.16,39.75,116.84,33.12,0.79,17.77,39.23,119.43
157.49,225.69,191.43,85.11,1.68,41.24,82.14,200.18
273.19,289.44,44.09,94.82,4.65,10.07,22.84,371.49
82.29,350.97,26.31,88.72,0.98,12.14,83.96,176.48
129.01,291.35,171.52,74.43,4.84,24.72,78.31,281.17
229.11,324.66,90.63,29.19,1.19,8.28,40.83,271.71
76.35,148.99,170.16,29.6,3.76,12.84,75.25,180.82
32.32,329.63,179.15,96.41,2.82,42.75,22.18,147.95
94.03,50.44,17.18,3.01,4.45,44.06,87.68,116.1
56.75,360.03,177.28,72.17,2.86,20.05,56.86,249.13
279.61,228.09,92.42,71.21,2.77,41.93,41.23,256.68
244.35,330.57,104.53,63.02,1.14,26.79,45.38,252.15
193.69,191.88,127.19,99.03,1.0,15.79,24.65,176.23
262.72,264.56,185.64,32.56,4.6,33.1,89.25,360.94
243.06,220.03,8.73,35.32,1.77,31.36,22.75,263.43
64.11,298.0,97.98,9.74,1.99,44.57,65.84,139.98
268.84,51.02,139.11,45.39,3.85,15.6,50.99,247.47
166.41,42.93,145.93,27.58,1.83,31.88,86.42,121.69
244.16,113.9,140.04,35.65,4.77,7.08,37.22,287.43
269.87,80.63,31.21,83.79,3.74,9.55,57.25,244.11
102.22,351.28,63.38,93.68,3.07,5.16,53.76,244.1
41.92,103.3,74.95,20.2,4.43,44.98,69.2,145.1
76.1,390.83,161.87,38.51,0.44,37.09,24.76,266.28
133.86,148.02,59.36,93.01,1.43,36.47,33.57,125.34
247.22,89.2,46.09,8.06,2.43,25.39,35.02,155.72
259.61,320.09,191.7,11.05,1.29,17.0,71.67,259.75
12.02,270.31,6.73,17.95,3.77,11.05,33.24,116.47
158.12,209.31,199.58,60.33,4.61,16.39,60.14,224.65
131.05,231.04,136.98,16.75,2.23,20.04,35.07,172.95
74.41,293.3,166.55,96.87,1.84,35.25,80.31,157.84
44.76,106.81,62.45,45.78,4.82,26.59,85.95,118.24
107.91,398.61,7.79,51.15,2.34,8.1,56.29,223.08
283.44,390.42,148.88,26.17,2.55,5.72,44.66,316.19
103.73,267.12,167.66,48.15,1.89,9.09,36.38,192.75
160.45,95.83,149.39,66.87,4.57,21.42,23.48,252.25
213.88,278.49,32.86,75.62,2.93,42.33,38.8,232.42
115.45,47.44,151.92,75.88,3.86,30.5,65.8,160.78
291.82,31.65,154.94,58.63,4.1,37.07,57.35,266.19
289.11,117.92,133.42,90.63,1.84,23.65,86.08,178.11
83.02,195.8,154.39,82.11,2.28,19.47,47.74,110.99
154.2,349.94,169.95,76.19,4.27,9.34,68.57,297.17
97.25,296.32,124.65,7.45,1.94,40.04,54.25,198.02
92.6,302.23,22.28,2.67,4.01,36.33,55.88,256.73
20.7,181.69,100.09,22.82,4.72,11.72,38.74,173.89
186.77,151.46,20.14,67.03,3.19,25.49,51.85,218.29
155.78,160.99,84.47,42.3,3.76,24.49,52.95,201.74
24.93,395.31,84.39,41.44,4.06,30.0,69.46,219.87
90.81,35.24,17.87,88.69,4.26,42.85,85.84,169.55
273.4,349.47,73.02,89.77,2.1,28.19,43.05,241.11
79.47,239.9,26.64,91.1,0.45,26.61,22.95,138.6
52.02,186.67,162.61,32.76,2.13,7.01,54.74,197.38
151.94,295.6,189.8,69.72,3.43,7.52,58.11,267.8
295.84,204.93,19.1,28.62,2.36,12.49,31.79,295.01
80.2,351.9,191.25,20.68,3.8,6.3,73.23,224.29
204.92,362.27,106.9,20.09,1.91,34.73,88.95,245.24
230.87,180.25,63.42,35.53,3.25,33.93,86.2,225.73
78.91,125.19,19.99,44.14,1.09,10.44,33.8,41.64
221.18,245.09,102.62,83.43,3.8,38.44,81.28,235.4
116.66,366.7,159.93,13.75,2.82,11.19,69.31,209.89
193.37,100.05,142.88,74.02,1.18,17.05,51.77,191.3
193.72,256.73,14.79,54.08,1.6,14.96,57.84,218.7
165.37,259.99,19.22,30.22,3.79,19.89,79.47,227.61
36.18,298.58,83.56,50.3,2.52,15.19,53.61,184.33
252.24,70.0,62.58,31.39,1.24,24.56,46.12,169.64
103.03,292.01,50.31,60.42,4.84,21.3,54.53,265.71
64.09,365.43,59.8,44.52,3.63,44.46,60.54,212.74
21.82,88.28,161.68,18.11,4.79,7.24,33.24,158.82
181.36,110.27,186.2,13.43,2.25,10.69,83.06,175.79
206.49,389.13,84.0,55.58,2.48,7.11,67.19,288.9
14.81,88.77,181.69,90.44,4.51,30.03,64.33,139.79
158.51,344.67,67.69,35.71,2.72,7.18,26.96,270.49
75.68,207.07,97.91,73.83,3.59,38.46,62.29,151.74
197.1,113.95,49.08,66.55,1.41,25.48,28.47,141.39
60.57,350.88,129.89,93.29,2.34,26.08,25.51,227.19
210.37,189.22,195.9,82.46,0.79,27.46,56.91,205.89
122.15,215.63,122.68,57.53,1.19,11.83,48.19,154.05
281.65,156.51,74.77,66.39,0.2,12.91,61.22,217.26
49.88,245.32,131.32,90.04,0.39,17.75,26.25,118.55
108.91,82.14,28.97,41.15,4.89,28.74,50.17,166.75
42.91,168.61,178.29,34.03,1.36,13.4,32.24,163.61
278.16,388.38,103.1,3.06,3.38,9.65,89.1,355.87
264.43,118.09,92.62,83.0,4.23,43.8,59.28,300.59
84.8,269.56,119.24,80.5,2.84,5.88,68.12,184.48
201.4,143.57,126.83,12.24,0.94,37.11,42.78,207.09
246.99,313.92,19.0,58.53,3.69,36.52,26.63,269.41
171.01,69.73,138.11,47.47,3.08,16.89,88.31,151.23
163.6,388.53,52.18,13.63,3.71,10.43,40.04,213.58
80.14,192.44,144.22,98.1,3.89,10.83,49.67,241.18
37.0,109.7,165.39,23.04,4.88,32.9,65.49,143.15
270.19,47.93,161.77,8.59,2.95,30.71,21.73,232.0
271.12,84.51,112.74,60.3,1.84,36.31,76.72,180.52
193.6,217.51,106.43,74.41,3.31,42.5,57.56,257.09
108.32,148.06,32.86,5.18,0.53,32.68,39.48,95.03
111.27,334.98,156.19,66.55,4.51,11.23,24.31,244.31
220.53,183.74,57.92,54.16,0.77,14.74,31.37,199.42
270.16,114.51,101.86,12.12,1.77,38.69,82.65,165.78
267.26,254.52,60.43,18.91,4.12,13.37,68.02,265.02
236.16,288.58,31.1,57.66,3.07,7.9,37.49,214.12
196.19,83.48,127.76,31.04,2.09,33.13,24.59,150.62
34.4,83.7,15.59,93.95,2.47,21.1,68.34,88.18
56.87,33.94,150.99,82.24,4.3,41.8,60.07,95.9
270.58,299.83,66.93,98.39,1.83,31.01,48.32,233.54
185.86,272.25,5.03,27.45,4.37,8.62,45.45,252.06
12.67,200.36,104.67,97.03,0.62,42.91,35.18,85.34
39.43,340.78,14.14,44.26,3.93,15.34,66.87,237.54
202.42,326.15,58.85,36.06,4.27,18.49,87.95,319.29
11.47,242.43,142.86,6.93,1.07,21.09,32.3,97.74
56.63,349.94,17.22,7.17,2.27,7.05,61.8,178.25
169.13,98.22,168.67,69.82,0.99,24.86,49.69,178.37
210.65,62.53,5.74,46.88,3.59,9.93,51.27,171.4
199.07,122.5,53.13,24.2,2.77,21.04,37.79,156.01
75.04,41.69,149.48,62.17,3.25,19.03,77.76,127.5
216.53,221.84,66.67,26.78,1.14,35.91,53.97,193.12
78.8,375.91,24.87,58.61,1.22,37.13,58.04,159.1
104.37,34.95,75.25,37.2,0.4,11.14,41.33,88.1
226.48,66.4,57.73,82.71,1.75,19.66,32.73,159.39
198.39,191.84,169.33,82.43,2.89,19.93,26.01,220.05
256.27,374.87,66.1,48.78,4.32,11.06,69.99,326.82
200.71,140.14,158.84,36.38,3.4,36.94,33.74,245.33
174.81,212.75,178.92,37.53,2.29,33.29,68.31,186.66
37.17,35.8,89.59,80.96,4.77,12.62,47.33,159.74
116.64,76.37,182.44,34.16,3.65,19.67,49.1,135.14
86.91,394.92,78.58,22.49,4.66,9.23,52.84,242.79
80.76,386.75,193.0,10.3,2.73,30.13,45.74,230.46
292.17,21.88,22.41,47.74,1.44,9.85,27.04,166.69
124.0,381.69,138.97,49.25,0.45,44.44,41.67,191.6
268.69,262.87,101.29,84.41,3.69,36.23,66.46,342.54
193.03,349.81,80.59,23.68,0.78,20.61,66.6,194.29
240.5,192.8,128.38,39.34,1.65,28.14,40.04,289.72
155.76,215.93,142.25,81.22,2.76,41.45,52.21,229.7
177.3,205.76,5.85,82.72,2.91,27.16,33.54,210.26
152.83,273.41,37.56,39.69,3.08,11.98,34.73,233.01
66.62,73.07,144.04,46.99,1.0,20.15,21.61,165.5
219.51,31.39,134.95,31.72,2.02,38.73,82.77,140.06
91.42,137.01,193.38,93.39,3.16,30.77,34.75,159.59
17.05,287.78,153.4,13.63,4.86,31.03,35.93,194.45
197.19,96.7,190.4,93.51,3.69,39.67,39.57,237.77
61.36,275.9,142.0,69.02,4.63,40.76,28.92,189.53
282.73,388.57,63.12,54.09,3.86,41.79,64.75,334.3
286.64,55.68,25.55,5.2,3.04,8.79,25.26,261.21
275.31,275.59,157.46,48.61,1.12,26.77,29.39,274.05
117.35,188.63,130.61,41.96,3.4,34.62,65.13,186.73
14.48,349.89,14.4,17.8,3.19,35.28,43.78,152.08
279.21,87.32,75.21,66.33,3.09,29.27,69.56,250.87
134.17,283.2,191.58,97.17,2.55,11.67,59.02,212.73
290.33,338.48,102.58,57.09,2.74,36.9,37.92,362.52
289.45,378.95,89.38,72.05,1.81,33.8,65.56,348.36
257.37,279.63,94.25,8.71,2.69,8.45,28.14,284.07
95.39,208.93,45.73,42.93,1.15,23.55,57.55,129.26
121.68,254.78,76.9,13.4,4.06,11.96,50.6,245.78
256.83,350.18,77.11,62.05,1.09,18.5,38.75,292.64
101.91,236.83,15.21,93.97,0.61,5.72,62.28,107.81
59.15,31.55,154.68,66.85,2.29,21.01,80.99,85.0
171.47,373.76,86.22,9.53,3.36,27.0,89.92,223.23
281.48,282.02,165.33,36.76,2.3,29.78,62.54,299.55
211.85,277.08,170.82,55.97,1.53,31.54,48.33,261.58
175.32,101.96,46.34,41.51,2.88,38.45,35.76,144.79
38.18,270.38,133.18,83.7,1.87,13.62,38.0,149.83
188.35,169.67,97.09,81.84,4.68,9.82,53.56,216.53
297.12,267.47,176.63,61.96,4.63,39.06,45.71,326.74
50.62,60.51,47.07,38.6,2.61,11.26,83.97,97.52
160.32,269.98,137.17,27.02,1.77,43.99,45.78,194.62
264.44,399.78,123.51,12.38,3.74,38.7,46.14,331.53
224.82,38.32,62.58,36.78,0.38,25.04,46.85,92.96
212.13,391.33,31.64,42.49,2.48,44.26,78.56,264.75
213.72,174.63,132.07,68.23,1.81,8.9,65.56,207.91
114.25,350.89,149.03,66.5,4.62,17.12,62.99,254.13
95.14,317.31,66.55,8.87,0.26,30.53,43.39,144.42
244.71,235.47,130.74,40.74,2.85,19.0,77.25,261.55
244.93,300.61,82.05,19.81,3.76,42.13,22.69,279.06
261.45,353.84,144.08,17.37,2.53,7.63,80.96,256.84
274.84,173.57,43.85,83.08,0.61,26.98,55.89,247.14
158.29,144.27,178.59,6.11,4.87,28.63,47.88,225.96
155.44,273.69,61.04,43.08,2.69,31.11,54.8,211.28
241.51,326.98,76.72,18.48,3.15,15.23,66.72,304.3
198.49,309.67,16.33,88.17,1.34,19.58,20.89,312.99
213.57,323.17,26.74,56.59,2.52,38.75,81.01,209.73
240.78,185.52,105.59,24.68,2.26,12.8,51.27,240.7
268.1,330.78,57.18,51.24,0.56,38.07,44.01,230.15
108.02,65.68,167.92,73.69,0.71,27.51,29.68,106.49
118.92,226.91,7.87,95.9,4.22,35.49,50.76,189.86
37.25,22.19,78.92,23.6,1.35,33.54,54.74,25.86
177.7,143.34,70.78,88.85,1.14,13.3,48.26,162.18
20.42,159.26,8.77,93.56,2.62,27.75,67.51,64.38
145.02,170.55,29.25,91.81,3.89,39.71,49.46,225.34
167.37,284.28,85.66,64.27,0.5,22.28,87.3,177.71
93.1,167.65,101.11,63.72,2.97,43.66,61.95,174.81
181.34,190.5,83.84,41.51,0.77,23.09,76.52,149.53
18.85,110.27,108.53,75.73,0.38,10.71,27.65,61.91
20.83,161.84,121.05,54.07,0.45,20.58,47.81,90.43
248.55,106.36,6.94,68.39,4.2,43.07,43.58,206.23
114.46,47.81,95.5,43.99,0.77,17.79,59.86,83.56
46.85,249.31,192.88,73.69,0.42,39.72,80.28,106.99
161.45,273.92,106.21,82.8,2.3,40.25,25.48,208.51
233.3,255.41,137.12,16.35,4.25,19.01,25.08,247.06
72.59,196.13,65.81,83.63,1.46,8.33,79.52,155.49
190.64,164.32,155.93,54.95,2.22,33.98,34.9,198.06
34.75,348.07,155.72,84.78,0.39,17.46,66.81,178.26
24.99,217.25,106.65,44.27,2.36,36.32,58.0,159.95
164.09,202.09,195.32,39.15,2.97,22.71,78.3,189.41
166.78,29.74,29.48,91.68,2.94,24.41,28.76,130.34
194.85,149.67,8.3,26.61,1.8,36.12,29.08,237.94
220.57,164.47,155.18,84.73,1.71,20.29,58.98,259.41
293.0,171.55,162.4,49.43,0.71,22.73,86.25,222.93
159.73,240.47,28.44,52.38,1.96,20.05,49.05,193.85
103.66,222.77,56.79,32.23,0.68,19.69,42.89,118.2
240.6,251.0,8.42,58.16,3.88,26.04,62.47,272.77
88.54,310.66,62.2,33.87,4.84,37.35,85.13,206.63
137.3,328.93,155.76,5.85,4.86,19.47,78.58,221.88
32.75,292.89,106.0,28.66,4.35,25.97,89.68,155.37
17.35,383.1,72.88,2.63,3.08,31.83,21.58,194.1
289.17,26.93,77.49,97.88,3.56,15.78,27.9,212.5
252.43,94.4,5.26,96.64,1.57,16.1,62.66,176.17
211.83,22.87,63.46,40.73,3.23,42.34,77.44,144.04
128.6,266.04,131.06,73.38,2.39,33.94,39.97,193.91
60.26,361.25,194.97,35.89,2.51,28.09,36.74,241.6
55.37,112.52,170.18,67.77,3.84,30.91,75.09,162.71
82.57,372.27,9.6,80.93,1.55,6.17,23.95,186.55
169.28,42.9,180.22,94.78,1.73,29.72,45.86,185.85
217.23,375.09,157.72,41.22,4.64,25.38,55.41,345.0
201.46,153.62,157.17,78.76,0.47,26.83,59.22,213.92
91.18,58.54,94.31,28.06,2.53,19.38,71.0,102.62
286.91,204.63,82.61,99.05,4.58,8.26,44.84,298.68
223.99,117.58,64.07,4.53,3.13,12.73,62.89,171.74
170.76,128.25,17.81,61.15,2.82,43.03,60.98,160.91
187.4,136.77,49.51,66.63,1.4,21.35,58.33,185.92
131.68,325.15,53.09,69.43,1.85,23.67,64.83,231.0
81.84,224.88,99.4,13.8,4.29,7.11,38.16,228.0
113.23,138.3,150.75,93.98,2.88,6.5,25.93,142.62
229.78,251.93,97.39,19.76,2.67,33.69,28.35,283.9
14.17,292.14,16.28,63.03,0.68,26.52,35.72,61.21
43.66,123.6,191.77,23.82,0.28,25.35,55.01,111.2
23.34,177.15,188.83,32.11,4.83,14.72,78.83,169.55
21.81,66.32,158.11,55.55,2.01,34.79,69.09,105.01
258.08,88.84,198.31,42.88,3.1,11.73,75.23,205.76
214.06,278.82,111.17,17.7,0.58,12.6,44.57,242.19
147.51,88.95,192.74,18.75,3.48,23.43,48.33,159.34
38.37,219.56,19.74,42.98,4.68,16.45,47.56,155.92
152.57,289.44,76.31,76.21,2.96,14.9,33.43,210.22
147.31,60.61,48.95,90.0,0.81,30.81,24.29,75.68
60.23,235.58,43.19,10.24,2.99,31.04,61.36,154.21
135.82,117.49,32.46,40.52,3.88,37.98,89.25,209.68
125.57,385.91,126.37,11.82,2.15,21.71,31.68,305.18
188.6,203.75,157.36,3.63,4.42,7.92,23.27,271.11
194.18,326.28,117.77,66.85,3.31,15.95,74.57,296.96
23.14,229.09,33.66,61.04,4.52,44.2,37.68,178.03
118.64,36.5,163.17,17.98,3.19,28.85,78.08,157.55
191.5,260.6,129.01,24.91,0.83,33.39,69.28,189.49
155.91,381.53,80.69,4.32,1.69,5.29,86.2,221.8
258.38,248.61,136.46,83.82,1.17,25.73,48.62,261.7
201.02,331.29,55.68,97.52,4.56,6.5,66.34,277.62
57.25,356.0,72.31,15.28,3.85,27.77,52.54,210.72
30.46,106.67,183.91,24.68,3.45,41.83,64.14,134.78
196.3,100.58,61.65,87.1,1.64,43.74,51.47,187.38
17.69,252.17,96.65,92.79,1.08,26.62,33.2,98.09
179.87,176.19,178.58,43.12,3.83,23.33,55.55,241.47
282.67,339.15,143.01,6.96,2.48,42.8,57.0,352.68
176.89,362.01,17.13,5.86,1.28,31.94,76.74,232.74
122.57,154.3,33.72,58.25,3.16,7.6,71.49,195.63
196.55,110.01,6.53,40.5,0.39,23.63,66.47,125.1
142.89,316.6,128.03,4.81,1.77,14.61,27.94,227.55
168.23,124.43,92.3,59.16,2.45,23.79,70.44,198.74
283.02,332.59,31.18,3.11,0.91,23.22,55.02,288.53
121.97,181.02,191.8,79.16,4.93,28.29,82.59,186.6
288.75,273.67,108.28,32.03,1.2,19.27,84.39,217.13
272.55,56.3,52.17,5.95,0.83,11.57,23.86,206.37
66.78,257.07,102.62,59.66,1.18,25.15,77.44,130.45
30.11,191.67,137.53,40.97,3.89,38.21,22.64,158.37
39.23,242.91,19.87,97.43,2.24,31.56,45.7,105.94
15.28,83.85,58.57,55.33,2.91,18.53,57.96,76.98
37.39,300.01,162.36,28.97,0.3,42.42,30.37,105.9
208.07,347.86,94.63,71.53,0.37,41.49,72.24,272.48
30.64,102.36,111.58,28.61,2.34,13.37,20.58,111.27
102.5,56.37,89.4,90.62,4.12,6.58,31.8,166.51
255.01,28.98,13.56,38.72,4.45,34.65,60.66,228.29
16.75,263.95,37.32,55.89,0.62,38.1,70.01,116.07
246.2,250.7,91.88,6.96,2.78,43.71,84.17,271.38
91.74,227.75,45.79,43.76,4.58,40.59,69.38,225.36
44.27,108.14,14.75,83.57,2.06,29.02,67.02,71.21
212.05,168.54,169.51,80.95,4.18,26.2,47.6,260.46
192.39,245.9,196.33,23.98,0.84,6.11,20.09,241.63
264.47,208.77,159.66,24.16,4.69,14.87,28.41,301.31
223.17,395.36,171.49,82.1,3.81,23.38,57.42,331.55
243.01,71.85,52.19,93.18,4.72,30.14,67.26,247.01
91.79,284.15,192.32,11.35,3.45,27.29,49.22,244.6
61.46,173.64,43.4,46.11,1.94,34.71,71.15,69.13
227.68,182.72,190.53,35.07,4.7,16.19,56.53,305.18
243.98,292.69,198.99,87.33,1.52,27.6,25.19,275.33
297.25,283.13,143.79,10.19,1.79,8.53,33.44,306.8
129.66,396.68,196.32,22.69,3.56,21.55,78.8,292.35
117.89,68.79,116.06,75.74,3.87,35.01,70.74,206.74
235.16,59.56,55.61,7.03,4.66,32.74,82.63,249.52
108.83,295.25,90.21,50.27,1.18,44.63,28.23,214.85
279.92,239.79,120.74,45.33,4.03,16.12,89.32,330.47
258.94,124.18,19.25,34.77,3.75,24.93,34.66,245.94
134.41,50.18,126.36,40.67,0.51,18.18,20.82,116.36
227.75,52.55,196.33,53.93,2.06,22.62,89.82,210.37
228.82,359.79,42.07,17.81,1.56,39.28,39.68,270.14
39.91,92.91,159.56,58.06,1.66,32.37,66.76,90.99
271.74,142.88,182.04,80.93,4.92,40.3,32.37,322.04
156.52,106.13,189.02,76.5,3.29,13.14,60.62,202.29
249.67,154.9,192.23,17.08,3.64,39.93,83.28,237.93
102.81,46.38,106.68,16.63,4.89,7.39,42.41,205.66
269.7,217.24,195.58,28.28,2.01,40.54,66.92,263.47
122.87,45.69,152.68,37.39,4.05,18.16,33.15,231.69
13.14,324.14,36.53,42.03,2.29,17.58,63.74,101.36
272.56,108.81,98.0,68.61,4.37,25.48,43.55,255.8
36.47,225.2,145.07,7.55,1.07,42.63,34.78,127.35
102.6,354.43,53.23,5.4,4.75,6.91,41.92,279.67
285.52,267.33,129.92,40.41,1.25,19.09,32.52,278.21
285.68,222.52,134.99,70.32,1.77,39.26,83.13,261.85
176.3,143.25,36.73,20.96,3.83,20.84,47.8,174.65
193.23,146.54,115.19,64.87,2.09,12.97,37.17,171.83
140.05,274.41,155.47,27.46,3.12,21.99,51.39,241.23
95.03,397.77,102.28,88.84,2.33,20.42,42.44,195.95
105.31,271.5,7.36,89.78,3.76,41.62,72.11,184.83
205.03,231.96,6.76,31.13,1.3,35.48,87.99,188.69
228.19,297.65,74.62,24.54,0.48,25.2,50.66,190.61
239.56,196.78,185.61,42.31,1.64,44.53,80.27,269.02
238.99,42.85,49.59,25.57,2.48,23.61,59.61,207.14
36.45,233.67,128.7,67.89,1.01,7.33,31.01,92.47
153.38,383.9,48.3,82.95,1.9,15.49,68.34,204.0
26.69,86.62,67.73,67.96,2.12,22.44,55.94,28.15
169.36,282.2,170.37,82.79,0.48,11.28,65.54,182.07
138.04,96.35,147.13,40.91,3.0,42.9,82.28,185.92
267.43,223.61,23.6,17.32,4.44,35.67,50.83,270.45
111.77,56.74,88.6,74.32,0.93,15.73,83.08,103.25
43.95,191.14,10.69,37.33,3.07,28.63,72.55,86.76
51.47,307.34,98.77,67.78,3.39,33.86,54.2,215.96
230.84,152.08,134.17,28.52,2.21,42.65,62.23,202.38
189.28,272.67,28.11,9.96,3.57,40.27,42.79,241.93
39.33,322.27,61.33,99.27,2.17,25.61,88.85,152.96
34.39,372.33,82.58,17.31,2.62,35.99,66.71,147.74
213.28,109.16,184.31,98.87,0.24,27.49,23.07,155.19
31.1,171.74,198.68,97.77,3.52,27.11,42.86,198.32
248.34,77.92,13.76,79.79,3.37,9.59,63.63,216.56
214.81,397.14,153.4,66.62,0.38,10.05,23.94,290.56
33.59,372.26,77.49,58.63,1.97,26.18,21.67,190.85
34.6,225.18,81.53,86.88,4.9,15.75,51.5,195.97
296.13,339.97,152.08,30.37,2.22,5.84,43.29,271.77
118.54,217.96,184.09,47.83,2.61,33.91,50.68,196.5
117.49,256.96,190.43,62.7,4.57,6.3,38.39,259.39
245.71,53.87,117.54,42.3,3.64,28.81,31.53,278.92
284.7,307.0,74.64,43.89,2.99,26.57,68.24,310.27
295.94,68.53,158.57,34.37,4.03,43.75,56.02,305.88
228.48,333.91,53.95,57.29,4.35,24.37,34.01,322.67
119.12,317.17,114.99,85.36,2.39,7.54,42.37,203.55
34.22,289.32,74.92,21.75,2.48,27.07,61.43,155.16
235.37,33.74,133.04,93.57,2.05,38.64,25.06,203.16
171.94,135.19,51.88,69.53,4.84,44.87,30.32,208.08
133.02,119.98,42.36,82.68,3.55,22.21,25.13,173.1
272.84,156.85,184.06,56.51,0.6,17.81,76.86,209.74
42.25,53.3,24.85,78.39,4.34,41.27,72.67,155.06
152.86,376.04,103.66,3.59,2.51,12.65,72.73,186.7
13.29,230.44,48.07,82.2,0.53,29.62,70.14,113.31
145.91,136.1,12.59,5.93,2.84,21.23,66.86,130.22
26.33,170.85,12.02,89.21,2.2,6.64,53.39,69.43
44.46,189.94,39.17,99.21,4.41,18.89,64.96,195.18
44.08,248.23,174.02,30.82,1.18,15.61,22.69,169.49
198.27,215.96,60.08,22.61,4.17,32.44,63.5,273.91
226.35,369.37,190.34,77.01,2.88,42.95,74.45,325.04
179.18,208.85,118.42,26.8,0.46,15.72,55.03,222.8
289.03,397.02,90.14,86.83,4.86,37.46,45.03,387.99
118.71,343.54,118.12,12.08,2.66,7.21,39.42,224.71
92.86,99.23,105.76,14.34,1.6,26.52,65.0,119.86
261.89,373.63,152.96,97.96,2.45,7.82,68.5,342.96
74.84,64.22,60.09,68.04,4.32,42.36,80.97,118.13
289.33,330.63,73.84,84.99,1.66,35.65,43.96,270.84
13.52,164.64,179.35,33.78,1.12,31.32,73.88,87.91
291.26,353.63,189.56,68.3,0.82,37.96,59.29,242.46
22.52,349.86,179.05,60.24,1.63,30.9,81.8,169.56
268.43,326.25,86.79,61.11,3.94,43.76,56.95,270.12
163.03,320.21,157.17,68.89,2.46,33.56,56.23,249.56
297.96,135.78,97.89,58.39,1.29,41.99,60.45,244.43
31.4,50.75,102.02,44.05,1.0,25.69,72.45,42.08
170.62,173.13,44.91,29.04,1.8,9.68,87.53,200.8
291.1,85.94,120.27,77.32,4.71,26.13,25.15,253.26
161.7,284.08,41.3,24.17,1.85,10.07,23.74,236.41
192.53,151.52,69.66,69.85,4.94,28.7,85.63,252.63
211.77,390.73,171.73,24.87,2.53,24.3,57.09,250.51
141.82,263.57,45.38,63.28,1.06,29.9,63.04,235.44
191.99,332.54,18.88,75.21,4.48,5.4,53.77,278.93
179.45,70.36,18.46,23.43,2.41,12.79,26.56,135.16
271.34,347.57,188.45,7.87,3.61,24.65,73.77,293.31
23.18,370.65,103.85,14.84,4.92,43.02,72.31,216.25
91.48,205.08,84.84,61.39,0.44,20.34,41.82,123.44
285.62,250.38,163.12,85.25,0.66,21.97,41.44,262.41
268.18,310.63,167.99,6.41,3.66,33.59,78.65,303.68
142.14,86.44,69.78,73.95,1.55,29.15,25.07,157.66
189.84,210.98,140.26,35.45,1.08,16.96,81.68,177.22
90.44,171.49,155.37,48.9,0.39,21.43,37.97,80.67
64.56,75.62,132.66,93.03,0.3,13.71,61.51,74.61
144.47,159.66,34.56,34.53,3.92,43.64,85.52,124.06
112.47,45.91,175.8,47.6,0.85,10.23,67.47,115.53
179.26,29.81,110.12,3.34,2.45,19.87,49.01,130.75
32.54,71.36,60.08,10.0,3.11,6.03,68.27,96.5
292.57,385.98,87.92,27.34,2.26,13.87,44.08,347.22
296.0,228.82,12.33,4.73,0.33,36.22,39.41,190.64
212.47,387.01,29.93,63.87,3.96,13.05,89.77,313.51
165.47,184.35,154.28,43.79,0.25,8.2,72.56,145.67
99.76,138.49,5.0,55.72,3.86,23.98,65.13,199.49
246.0,212.33,86.23,19.12,4.49,5.4,44.87,273.07
208.57,187.01,106.89,31.0,2.28,8.39,23.44,202.42
57.16,60.15,15.65,67.05,2.77,37.31,22.17,122.39
274.17,263.51,194.75,96.6,2.49,35.86,58.79,286.02
248.54,102.09,49.09,6.94,2.07,41.61,73.34,163.77
285.44,255.44,64.32,89.26,4.46,39.18,57.62,301.11
220.46,267.08,64.27,58.53,4.49,32.33,78.85,274.09
187.89,77.77,49.93,57.26,1.81,7.09,22.34,196.04
131.29,43.31,5.29,51.03,3.15,36.31,45.67,85.75
280.49,316.69,147.22,8.8,4.65,38.82,36.59,348.18
261.16,194.72,193.53,10.81,4.82,36.96,51.31,325.41
23.11,42.1,48.74,60.89,2.64,25.34,25.07,90.14
17.65,398.05,134.29,35.41,2.37,14.32,86.79,212.75
119.17,41.96,149.67,91.89,1.54,38.81,35.63,129.55
245.06,284.11,170.44,41.85,4.8,34.09,84.56,312.05
296.31,393.8,87.41,16.04,0.89,44.23,49.81,303.05
53.62,110.89,64.07,72.04,2.98,11.23,88.99,115.48
182.3,74.05,68.43,30.75,1.56,14.03,58.78,133.93
120.46,66.13,143.96,53.5,1.54,13.47,85.16,132.37
291.28,135.24,164.27,70.39,2.14,36.7,20.37,246.48
254.21,58.4,40.41,90.23,4.99,12.48,72.38,224.54
253.12,283.02,77.33,79.63,0.46,7.67,83.21,205.93
145.92,43.67,180.88,68.28,2.98,44.94,29.78,213.56
130.3,213.58,162.31,68.6,0.6,5.99,26.73,92.0
89.29,398.74,197.05,94.7,0.94,38.41,49.72,226.92
26.35,329.31,152.08,30.99,2.31,19.61,85.36,166.93
260.77,253.78,81.67,2.11,2.65,38.66,57.97,216.65
245.74,136.38,120.17,28.65,1.44,27.18,56.92,210.15
299.92,257.08,133.9,23.35,1.72,41.07,29.88,293.53
299.02,220.28,20.3,66.86,0.62,42.05,20.06,247.46
171.08,181.91,111.18,64.1,1.66,5.36,76.71,112.65
233.01,69.67,143.32,60.16,4.84,8.02,26.13,295.21
283.98,356.91,37.63,3.59,4.73,15.01,64.37,313.79
256.4,190.92,157.22,73.42,1.81,31.77,84.02,252.42
81.73,93.96,118.84,33.71,2.94,40.53,34.61,163.14
140.66,159.75,190.68,67.18,4.57,23.4,66.57,212.62
47.46,177.37,13.27,56.54,0.23,29.28,25.51,98.71
286.67,334.46,56.74,35.59,4.09,12.54,62.26,312.06
185.79,298.77,122.3,15.19,4.75,37.2,31.48,242.28
76.31,312.34,62.83,11.25,0.64,43.69,71.52,166.09
204.79,24.19,144.31,83.49,0.97,15.74,41.09,134.56
189.26,178.14,153.01,92.0,4.81,24.79,52.44,246.98
113.87,202.91,24.99,65.68,2.78,8.44,61.96,156.31
42.93,27.29,105.2,12.14,0.27,27.37,31.99,54.51
204.76,118.73,104.23,41.4,1.44,25.11,71.91,168.78
160.89,308.91,77.01,73.44,2.36,10.78,41.18,244.41
233.97,72.1,186.92,78.42,3.53,22.68,66.37,201.04
160.85,223.42,166.36,13.59,3.72,18.36,31.08,228.6
257.13,101.78,140.96,2.0,4.98,25.87,68.17,263.74
170.05,24.61,144.29,71.79,1.58,28.43,28.97,198.8
172.67,111.66,95.03,36.95,2.78,5.34,49.77,180.36
264.23,390.83,184.59,26.94,2.76,35.44,37.3,360.12
127.01,324.58,140.45,3.26,2.15,33.52,72.39,211.54
48.86,384.64,147.15,54.95,1.01,19.65,38.34,171.35
18.35,205.38,173.03,85.41,4.89,7.12,81.72,181.05
228.99,61.7,58.44,95.85,4.3,35.2,82.43,211.34
189.89,228.22,162.38,57.44,2.59,43.21,33.75,258.4
214.18,192.66,43.07,52.42,3.1,14.61,62.97,256.22
71.76,340.86,72.34,10.34,1.29,17.94,26.14,180.59
49.55,57.27,70.44,55.79,2.81,12.35,47.41,133.28
14.22,205.53,195.81,39.24,3.54,28.08,69.93,137.56
111.67,77.02,172.02,61.5,2.67,11.19,66.16,142.68
181.08,143.38,141.73,40.1,4.95,19.25,63.73,227.68
123.75,300.2,146.78,25.55,3.13,32.88,39.78,242.37
136.87,200.89,114.6,11.31,1.98,27.4,46.46,169.44
272.21,162.84,189.68,32.86,3.91,20.46,27.21,314.46
110.99,169.9,101.77,11.47,1.02,21.81,70.33,103.99
159.06,194.59,79.2,19.34,2.05,27.48,55.27,181.18
237.26,318.31,36.79,98.76,1.87,5.23,69.61,265.05
125.0,358.99,158.31,45.52,2.27,8.14,37.43,188.95
190.41,383.03,148.22,54.12,3.95,40.25,42.71,364.4
260.09,319.02,79.95,87.61,2.52,8.12,43.4,280.8
285.36,139.85,9.91,99.57,4.01,33.27,21.8,219.61
52.65,281.49,168.6,59.11,2.97,41.8,43.87,200.59
278.71,186.29,7.23,81.62,1.84,15.83,76.23,219.62
152.71,116.77,142.22,34.04,4.09,19.82,82.81,198.14
84.89,339.53,194.2,31.96,1.34,27.76,56.28,221.04
143.15,34.6,90.34,41.46,1.28,40.27,51.89,132.89
294.21,362.67,50.82,67.91,2.62,42.68,22.16,326.06
152.86,195.36,142.45,68.85,1.45,34.58,81.54,186.2
105.34,262.14,164.34,32.89,0.24,8.46,20.91,163.39
193.69,270.55,111.55,15.05,3.31,31.77,86.13,286.57
79.64,360.14,193.57,63.97,2.65,21.41,54.25,192.72
32.0,261.93,15.08,14.58,2.34,23.83,43.94,136.16
47.38,253.29,103.44,58.69,4.84,6.97,84.7,199.25
47.13,45.33,145.1,69.96,2.94,12.64,21.71,145.8
54.05,217.0,173.21,70.66,4.34,36.62,60.7,181.33
50.26,77.06,39.95,75.84,0.87,23.16,58.43,20.1
195.85,300.22,161.0,87.54,2.93,17.07,35.35,280.86
62.75,214.64,112.78,51.0,4.37,20.36,50.02,202.85
110.24,278.49,82.33,73.56,3.0,39.18,65.66,240.03
270.07,35.84,30.68,62.68,3.65,34.96,70.9,178.16
147.45,52.22,173.73,20.29,1.99,15.89,20.05,188.82
203.59,292.2,35.67,4.52,0.64,9.7,85.58,243.35
59.97,47.39,65.41,29.89,2.4,15.08,31.52,89.37
65.76,47.08,61.56,45.42,2.09,41.83,36.35,62.48
21.85,24.6,174.93,62.48,4.36,28.26,38.44,125.03
58.99,383.47,136.18,85.3,1.37,26.34,22.65,201.26
90.79,300.25,160.35,21.23,4.84,28.86,28.61,271.97
61.33,154.24,53.84,14.3,4.8,19.64,89.04,143.64
35.72,132.68,126.85,96.42,1.39,37.28,42.07,146.73
44.98,152.89,116.49,12.59,1.87,25.93,28.07,94.03
143.63,314.37,167.4,48.89,4.5,9.67,27.49,242.77
69.84,271.32,181.69,59.39,4.84,10.16,70.36,261.95
115.64,90.37,7.37,55.05,2.33,26.47,79.82,57.7
155.99,86.16,136.43,10.43,1.74,42.46,37.99,150.47
210.21,57.39,15.11,7.59,2.73,17.33,21.46,252.21
21.4,270.92,112.03,12.34,3.5,39.78,35.62,174.63
241.83,310.46,61.09,59.39,1.51,35.56,23.96,227.2
192.09,120.72,64.82,55.35,3.74,14.91,27.24,215.95
33.71,27.96,73.83,24.91,0.45,6.45,50.21,35.17
263.34,51.23,126.15,64.5,0.44,9.07,36.09,180.71
277.05,387.79,70.14,82.37,2.05,34.14,56.12,317.85
27.71,132.27,147.88,6.07,1.9,12.99,37.74,84.42
90.29,312.3,83.88,50.82,1.72,19.85,85.84,211.53
243.8,257.37,18.33,69.55,2.56,25.07,83.42,242.03
227.0,165.14,157.83,26.73,1.74,34.02,59.68,232.35
63.51,98.16,60.72,32.16,1.12,9.53,44.81,69.82
70.71,66.13,89.39,62.14,1.69,21.25,46.68,131.24
117.44,253.7,138.66,90.0,4.88,24.4,48.83,248.09
150.51,314.36,69.83,81.37,2.17,26.63,70.93,220.73
189.29,264.68,16.03,59.15,2.33,37.73,51.61,190.96
116.98,221.51,77.91,73.56,2.97,11.87,79.97,158.37
144.14,35.94,189.17,37.75,4.92,37.31,86.09,214.24
226.77,388.03,130.14,64.81,1.36,32.72,43.52,265.36
20.64,323.51,135.94,47.69,3.47,27.23,59.25,169.61
83.21,131.27,128.3,20.61,3.64,32.98,26.65,157.43
216.87,392.39,43.8,70.77,3.12,21.48,34.03,311.65
269.61,248.72,86.58,56.53,0.63,10.54,48.94,214.58
158.39,241.32,151.43,37.14,3.45,31.63,34.43,241.32
164.31,304.27,24.77,91.31,0.51,25.99,81.36,173.69
41.08,328.47,59.18,4.05,3.06,30.57,31.08,135.26
139.75,269.46,58.88,32.95,3.75,18.52,51.9,188.44
164.46,68.68,89.24,7.57,1.21,41.27,62.4,135.33
80.32,148.54,196.17,77.12,4.24,28.49,68.43,177.51
88.08,372.67,18.16,70.81,0.35,8.42,46.81,185.93
119.41,105.35,106.15,34.47,4.25,22.99,80.84,200.91
15.82,161.42,39.98,68.21,2.41,35.25,59.78,119.4
103.4,184.19,194.28,40.8,1.24,36.77,50.77,204.96
71.32,186.97,27.09,76.11,0.84,24.78,24.71,112.09
104.97,252.92,83.7,46.51,4.78,40.79,52.53,245.82
44.73,378.37,148.89,42.4,0.55,15.71,77.45,143.05
268.25,111.46,142.39,93.6,1.16,21.42,63.02,271.0
182.14,66.17,87.43,26.59,1.87,40.94,78.25,194.58
206.94,95.04,72.57,13.8,3.18,40.85,54.58,195.4
238.86,357.03,82.53,59.29,2.82,32.43,28.29,306.55
154.55,265.41,56.53,96.99,0.8,39.36,20.95,221.6
35.21,128.64,45.04,39.03,1.59,8.55,41.23,84.86
165.76,330.06,99.19,8.08,1.35,39.6,68.86,192.47
180.18,347.32,57.36,35.25,1.23,17.82,75.32,233.14
226.18,341.68,61.06,51.58,2.17,12.13,40.7,266.11
135.18,369.19,133.07,17.87,3.58,14.57,54.7,266.51
47.0,115.85,193.86,66.49,1.24,21.72,49.48,92.78
92.3,306.92,122.71,99.78,1.96,15.05,48.74,154.38
115.29,195.01,20.01,46.27,2.08,17.82,36.19,161.42
197.32,339.96,19.74,36.76,4.89,10.4,29.55,319.83
175.53,296.83,190.53,41.27,4.78,16.85,33.77,298.87
113.27,315.05,62.97,13.28,4.04,27.89,23.87,274.62
296.09,269.34,22.95,88.56,1.36,22.67,33.87,241.73
185.67,87.42,121.81,42.65,0.53,18.87,20.64,125.73
78.8,227.11,126.61,39.95,1.72,34.86,63.91,150.4
39.52,394.17,131.46,66.65,1.48,40.74,42.15,185.86
54.33,376.21,57.14,45.32,2.63,35.27,88.12,201.4
81.33,36.41,7.95,65.53,3.93,18.28,33.56,108.89
56.6,82.63,193.18,8.02,4.32,34.78,44.21,199.87
64.1,70.06,53.92,81.74,4.26,11.08,45.05,192.88
92.68,295.87,136.83,94.17,1.93,10.21,20.59,203.33
60.28,330.76,142.79,65.58,3.5,18.83,78.74,242.1
270.06,101.13,123.95,95.55,1.7,37.31,22.24,200.63
33.27,212.22,66.02,16.84,0.49,14.85,85.81,106.13
162.11,339.47,57.86,48.79,3.57,7.53,82.45,272.19
129.02,298.46,121.55,60.98,0.25,10.27,57.49,193.79
294.89,226.05,173.89,59.01,2.16,39.35,58.05,281.33
42.49,244.33,189.61,41.34,1.78,30.35,65.76,78.62
125.38,213.18,25.65,35.13,3.53,15.13,47.09,175.72
291.15,133.07,35.19,14.43,3.88,27.21,65.31,236.34
261.0,234.71,189.22,40.39,1.66,26.1,23.13,244.6
246.95,281.78,148.62,17.94,4.1,31.22,23.78,317.45
84.79,351.86,177.18,73.97,1.61,14.33,52.01,196.91
59.56,261.79,44.51,22.47,2.34,39.58,58.47,128.11
203.91,309.23,119.58,7.74,3.69,17.37,82.15,242.1
279.52,80.83,141.72,56.13,3.53,32.77,27.33,242.48
171.46,195.39,137.62,60.33,4.94,5.64,77.59,281.46
175.77,23.55,84.59,87.45,1.28,19.91,34.7,119.28
91.19,113.74,8.0,58.54,3.38,19.07,47.59,127.62
233.15,296.06,118.67,35.86,3.13,26.74,42.16,271.25
64.24,396.89,54.35,80.7,4.59,7.91,48.01,256.0
103.87,57.69,92.8,54.95,0.95,36.61,30.53,114.54
133.38,172.57,191.73,9.77,3.81,13.71,55.25,141.29
157.21,324.03,82.81,57.45,2.93,32.08,76.11,259.43
80.3,97.53,168.76,90.99,1.52,37.13,50.91,163.3
43.3,230.93,41.77,40.84,2.48,27.48,54.34,110.41
187.08,298.57,136.13,31.04,1.8,34.64,79.41,201.31
93.7,254.07,195.52,16.06,2.98,31.47,69.42,191.3
178.56,91.45,24.87,16.84,4.47,19.22,54.33,177.57
54.77,155.05,6.62,44.41,2.93,37.35,38.04,132.45
149.53,317.84,89.55,60.38,3.23,16.79,81.94,185.42
164.45,230.61,23.06,9.9,2.69,27.85,60.39,164.74
25.03,21.99,150.93,94.08,0.45,34.82,35.48,95.54
107.62,309.18,183.34,76.0,1.32,20.16,38.84,182.37
48.98,33.42,89.63,59.49,2.56,17.11,76.22,117.81
28.38,303.38,55.45,83.19,1.69,23.37,23.09,160.37
297.09,96.94,89.71,9.86,1.07,37.72,89.45,145.89
103.48,384.07,146.07,48.73,2.62,42.2,29.12,260.6
244.86,159.82,6.77,63.75,1.75,26.8,75.72,187.45
83.85,144.23,119.94,83.21,1.44,31.46,47.63,120.63
207.64,76.58,124.59,78.78,2.43,41.13,54.46,197.98
230.47,136.13,129.35,29.15,0.84,8.94,81.65,189.03
182.74,353.13,52.19,94.21,4.65,14.28,48.9,313.19
146.76,398.61,144.24,14.19,4.36,33.36,57.62,322.6
129.43,159.96,22.82,87.76,3.6,37.95,23.45,201.21
111.17,190.47,43.86,97.15,0.71,39.28,20.16,104.97
279.56,294.39,176.11,19.36,3.92,21.6,37.14,320.67
250.88,356.75,149.05,72.76,4.08,8.57,67.64,404.44
289.86,245.36,7.68,5.95,3.89,22.51,28.49,308.03
46.05,168.78,53.43,41.73,0.75,14.23,27.96,154.36
221.95,176.8,46.81,52.6,3.29,16.65,48.77,264.69
282.12,284.33,57.81,58.9,4.2,35.89,65.35,314.25
62.56,21.22,53.27,93.72,2.97,8.02,69.85,103.65
29.28,255.44,17.19,67.88,3.3,38.1,32.49,156.84
224.92,155.09,94.49,49.17,2.4,22.11,25.57,179.69
176.6,321.79,147.88,81.35,2.74,28.84,85.83,252.05
254.13,55.34,123.31,95.15,0.37,8.59,38.25,204.04
50.53,243.52,136.21,4.16,3.27,18.49,79.73,152.47
240.63,202.77,20.82,98.29,0.59,8.59,80.44,193.11
68.47,264.08,190.54,10.44,2.29,43.46,74.08,197.48
57.46,44.64,168.51,81.81,1.6,37.29,31.82,83.72
57.64,240.39,161.99,29.47,2.82,23.39,77.53,158.14
246.23,233.36,165.48,14.95,0.84,13.94,73.85,196.91
202.91,233.05,186.88,45.11,3.52,42.34,61.77,244.57
161.69,249.33,111.13,65.11,4.02,18.78,43.6,219.51
114.06,277.06,44.05,39.33,0.98,11.44,38.38,138.47
264.39,325.9,125.27,7.35,0.7,27.53,28.53,296.68
123.81,122.53,149.86,60.75,0.9,42.75,55.68,113.12
246.81,333.52,148.89,90.44,4.41,5.15,60.97,335.35
137.35,209.34,106.68,39.56,2.74,14.52,45.15,185.45
119.31,49.28,18.35,23.2,2.44,42.54,53.28,142.72
144.18,42.25,77.37,45.37,0.71,11.84,45.45,138.12
97.4,147.01,184.55,6.74,3.32,9.53,64.87,198.93
226.81,318.26,118.97,82.41,4.37,27.81,83.09,311.04
155.79,288.92,109.97,82.98,4.18,39.47,31.47,263.25
77.34,319.67,57.43,59.62,3.21,24.08,46.7,172.41
270.88,216.56,76.85,36.6,0.56,44.78,29.86,270.27
121.33,187.28,179.59,80.38,0.74,32.17,63.75,137.49
167.63,76.03,134.96,56.36,0.44,7.96,71.02,143.34
272.88,144.71,158.54,82.94,1.44,44.71,85.23,249.58
191.03,184.93,93.6,63.88,0.85,21.32,39.52,167.36
43.9,53.67,127.9,78.87,1.45,16.5,86.51,100.52
282.55,103.83,53.43,60.66,2.05,27.32,24.43,241.95
192.04,247.33,142.56,42.59,4.73,17.17,62.21,322.13
107.12,299.55,88.38,95.88,3.13,8.46,24.0,214.36
50.39,399.37,91.3,55.03,4.21,5.06,82.56,196.05
240.27,374.58,131.62,61.3,3.61,22.98,57.09,307.4
189.82,264.17,187.57,23.61,0.74,38.47,66.85,214.0
164.7,180.07,17.48,63.31,3.73,27.89,78.21,198.79
269.23,261.75,165.82,58.02,1.52,44.97,30.52,263.51
238.69,318.55,62.01,20.11,3.27,16.47,22.7,240.18
53.99,64.97,91.56,7.84,1.84,16.22,81.52,89.69
100.4,175.76,9.27,61.23,4.99,11.39,42.05,247.4
82.06,339.12,63.7,76.84,1.47,11.56,29.03,195.49
225.74,165.86,103.01,53.29,1.54,16.41,52.79,218.75
19.72,237.31,15.95,24.22,4.67,36.71,61.88,175.81
175.27,243.35,100.76,67.32,0.32,41.23,22.17,197.2
231.11,90.1,185.79,9.85,3.54,44.0,39.24,263.05
264.26,157.65,25.55,45.3,3.68,14.29,22.3,265.86
109.2,147.11,154.07,18.01,4.21,40.25,49.42,192.91
248.16,29.95,84.89,20.08,4.88,18.13,82.66,204.95
42.08,29.19,132.76,21.82,4.88,9.51,88.79,123.27
255.47,336.04,55.75,39.9,0.51,39.8,64.59,242.36
46.97,123.77,36.1,7.01,4.14,30.44,31.31,134.04
125.21,216.87,36.29,40.98,3.3,11.59,83.41,187.86
241.22,133.52,18.75,52.15,3.31,22.19,56.14,229.97
53.48,377.46,41.2,49.36,0.82,16.49,30.76,181.16
76.48,118.53,134.52,39.51,3.32,34.47,84.52,177.77
219.45,183.27,176.93,84.24,4.92,23.14,73.02,286.96
218.81,351.64,163.75,16.24,4.58,44.57,71.22,286.81
195.93,339.93,138.6,51.56,2.31,7.19,69.64,249.5
211.25,90.72,26.53,8.08,0.39,19.2,34.02,137.65
167.39,325.0,61.39,8.97,1.94,24.28,34.77,176.84
83.02,194.11,65.41,58.24,4.17,25.13,68.18,216.31
110.25,203.53,53.74,57.47,3.57,17.64,35.38,197.02
62.66,70.72,105.43,88.05,2.4,34.17,50.71,124.76
273.45,50.63,109.43,56.67,0.46,39.99,74.74,200.38
179.18,296.62,74.59,96.06,2.25,42.55,74.88,209.88
126.25,208.66,73.99,6.77,2.45,37.2,51.73,189.03
143.98,186.0,166.57,11.6,4.66,39.02,75.45,230.08
284.71,297.21,158.91,6.32,3.28,27.02,78.7,301.32
54.47,310.89,65.02,20.16,1.7,38.04,65.83,130.47
180.01,80.39,183.19,55.04,2.72,17.14,35.99,241.51
156.71,251.89,190.8,65.27,0.52,20.94,39.18,187.87
187.32,71.43,68.71,6.47,4.87,17.68,42.04,231.75
15.25,305.52,74.11,94.71,1.93,23.7,28.18,106.84
262.92,269.64,103.6,84.53,2.49,16.42,39.12,309.09
280.31,383.51,188.52,31.07,1.91,43.46,34.67,350.12
173.89,46.2,175.88,9.56,3.48,17.51,51.87,193.41
212.03,41.68,25.0,18.65,3.38,8.92,83.59,162.23
277.52,127.23,81.58,14.44,3.63,26.07,27.31,269.1
215.1,119.45,112.91,14.08,1.49,7.28,70.42,233.27
54.24,113.85,103.11,52.82,1.72,9.42,68.11,57.07
177.12,364.38,42.8,26.09,0.8,13.78,26.7,236.58
185.95,114.83,172.47,37.1,3.35,23.57,84.58,184.46
133.0,123.34,137.0,98.97,0.39,22.33,59.79,130.16
223.57,308.57,168.39,69.06,3.07,36.99,45.46,286.5
280.97,190.9,172.46,95.0,4.37,34.58,72.96,296.55
278.41,315.15,150.93,15.97,4.48,22.05,38.02,343.47
140.74,44.84,90.65,39.45,2.36,18.35,68.55,104.18
42.84,205.28,124.06,56.36,2.4,17.66,22.78,180.35
295.6,32.77,36.27,9.52,0.57,35.96,78.76,108.76
253.28,43.81,136.36,2.41,3.42,7.08,51.37,233.78
46.15,364.45,39.95,67.7,4.14,5.51,64.57,202.44
277.04,72.91,140.32,64.9,1.37,36.82,35.49,182.43
262.27,222.32,49.77,42.26,2.22,24.09,67.4,241.25
160.46,176.22,27.92,49.99,4.23,10.24,74.06,167.14
181.47,151.99,37.23,42.71,4.41,14.42,53.12,221.31
125.71,361.94,5.39,4.35,1.37,42.3,63.24,145.81
25.88,28.29,145.15,34.87,2.84,39.38,51.94,106.69
107.21,272.24,147.82,19.35,1.12,33.39,82.59,141.29
242.83,386.09,105.41,11.65,0.69,24.29,54.85,245.56
11.34,232.86,36.47,95.76,4.57,25.81,78.93,167.47
106.71,375.99,21.29,60.74,4.14,44.01,76.09,217.14
125.47,39.86,8.73,73.41,3.85,43.63,48.74,144.71
165.84,179.14,37.32,32.91,0.43,13.61,36.11,107.34
276.76,118.86,178.72,40.53,4.25,37.44,48.43,300.08
110.44,297.71,52.1,25.22,2.3,12.89,77.84,224.25
110.62,392.89,74.08,11.5,1.84,13.54,35.93,284.97
223.88,117.48,25.54,19.55,2.82,32.04,56.71,195.91
141.14,268.59,48.36,80.16,0.64,21.2,76.43,178.41
75.14,95.28,106.25,68.4,3.83,42.26,44.74,112.91
141.21,234.83,123.51,55.6,3.0,8.56,64.95,249.4
50.85,196.29,52.84,48.56,1.1,25.46,37.19,129.98
61.15,389.36,16.26,92.4,1.1,41.74,27.65,161.48
154.53,251.24,81.25,9.13,1.08,41.16,75.61,199.65
131.49,152.81,50.67,29.5,0.47,11.26,26.93,119.63
275.31,63.36,47.81,36.29,3.02,19.67,39.0,207.1
115.09,77.47,192.17,78.68,4.23,29.76,79.86,199.61
178.37,105.62,125.18,99.27,0.28,11.38,44.25,121.58
193.36,115.37,113.59,25.59,0.44,43.72,88.11,164.48
13.8,343.23,86.08,87.68,2.95,41.59,88.58,141.88
202.43,233.26,88.64,83.4,4.13,11.68,38.78,241.98
61.63,218.89,110.48,24.02,1.77,9.85,22.87,126.78
288.71,63.61,140.8,41.13,1.88,8.42,69.35,231.49
53.11,346.85,141.92,42.15,3.06,41.38,51.57,193.52
130.24,294.67,38.48,97.87,1.52,12.74,27.05,159.59
34.75,45.71,102.52,19.73,0.33,21.65,69.53,24.16
299.09,288.98,85.33,80.32,3.73,22.95,22.18,328.48
155.64,226.54,174.75,34.75,3.2,28.96,80.91,194.41
182.66,51.06,128.13,73.63,2.99,7.87,29.71,161.73
29.45,194.15,108.84,43.16,3.76,14.07,28.91,218.36
227.49,204.18,27.5,58.68,3.44,42.26,32.3,223.96
70.87,82.99,123.1,83.6,1.19,41.34,87.22,82.87
270.44,379.37,27.85,80.81,1.89,36.25,68.52,270.75
69.49,342.99,70.76,86.91,0.81,5.78,76.1,143.32
65.3,274.23,32.85,7.84,0.82,18.08,47.83,139.86
20.6,195.67,139.95,69.82,3.45,30.12,43.54,183.61
146.9,176.47,45.22,15.72,4.32,16.01,36.41,204.84
173.8,267.37,81.41,42.75,4.82,41.38,53.65,237.06
29.06,227.26,179.66,55.76,3.22,30.36,58.63,202.89
234.9,43.66,44.84,41.47,1.08,7.88,64.22,143.61
141.45,214.75,104.02,52.92,0.71,41.36,38.0,207.3
162.07,326.43,86.76,99.66,4.1,43.31,86.41,206.22
137.82,194.51,8.53,15.25,2.98,8.11,31.88,185.42
126.22,39.74,159.59,68.19,3.17,26.29,87.6,198.85
172.3,318.79,18.46,40.81,3.95,17.13,21.04,253.42
55.02,96.52,97.48,15.03,3.58,20.71,53.68,127.32
62.76,118.28,114.33,17.56,4.21,12.19,43.34,170.07
259.92,82.59,127.54,95.03,0.47,28.12,51.44,169.75
284.37,145.48,139.28,88.2,3.79,43.32,59.95,272.52
118.26,307.57,54.39,90.89,4.28,25.12,50.49,233.38
88.52,217.37,6.95,99.17,1.57,8.32,49.04,121.78
196.76,97.85,146.07,22.41,3.27,29.8,71.29,233.92
128.53,353.58,109.45,36.83,1.71,18.61,68.01,221.24
17.36,354.24,168.04,67.58,4.8,39.24,78.33,234.08
55.28,350.82,165.17,49.41,0.36,22.39,37.5,187.03
217.63,110.74,169.45,43.0,2.98,12.71,62.67,214.42
201.09,191.47,99.59,37.07,1.0,12.64,60.96,163.97
17.86,394.3,70.06,60.19,3.62,35.75,45.88,190.82
74.37,313.36,159.35,58.41,1.04,15.62,54.02,173.54
77.01,30.32,93.0,17.82,1.33,35.69,41.96,55.51
204.85,44.78,40.77,48.23,2.57,13.24,29.93,158.75
15.72,196.29,171.72,56.24,4.59,17.87,34.97,175.12
40.19,365.5,177.1,57.89,1.22,23.62,27.39,240.25
241.98,224.71,95.93,22.59,0.89,42.73,67.81,137.96
61.78,209.17,19.76,74.74,3.84,42.27,66.25,157.5
199.3,60.08,80.63,4.47,2.6,13.27,86.54,203.43
79.07,269.58,161.69,36.77,4.58,19.33,71.08,229.75
38.84,332.4,180.85,78.46,0.9,10.98,23.64,192.9
80.52,164.56,44.68,57.26,3.3,25.4,81.9,148.22
219.46,314.73,18.06,27.59,1.32,23.42,80.39,196.12
258.15,386.5,176.08,70.11,0.95,41.03,51.03,234.9
250.76,97.43,80.93,57.6,3.48,42.2,61.01,232.99
125.18,218.87,110.64,80.03,3.05,20.34,88.33,173.49
203.74,129.11,193.77,74.03,3.82,24.67,57.26,225.97
69.45,321.28,17.98,61.79,1.69,40.85,83.37,137.2
95.01,239.49,131.42,49.84,2.35,37.27,25.81,233.5
269.94,261.14,19.45,15.05,2.15,5.15,33.37,311.82
13.77,323.21,78.22,27.61,4.92,17.8,50.85,210.83
34.8,170.47,161.74,43.07,1.6,21.87,60.93,107.3
70.29,367.73,89.53,60.73,1.62,14.19,77.14,149.27
17.69,222.55,199.45,52.34,1.9,12.98,89.18,143.69
62.62,80.02,114.02,30.24,2.91,6.51,47.22,169.75
179.08,284.44,67.63,2.63,1.41,30.73,23.32,203.68
132.21,321.44,47.92,50.63,4.59,15.5,76.08,186.69
268.87,140.37,73.35,29.99,1.48,7.09,62.31,221.87
247.06,345.73,77.64,73.99,4.5,14.24,33.9,354.64
109.13,364.33,18.4,4.35,0.7,37.08,54.64,125.94
85.23,125.22,77.07,59.31,3.35,39.06,71.96,151.35
120.11,393.74,95.53,94.26,4.55,24.32,73.93,286.81
181.19,73.47,145.93,19.09,1.01,21.64,54.97,145.61
87.74,96.77,133.06,48.22,4.85,44.11,41.37,169.15
191.0,90.01,143.21,10.96,2.37,13.02,88.16,198.59
128.73,359.72,6.63,63.32,4.74,13.61,66.44,244.72
170.09,268.63,47.45,55.95,3.45,16.67,48.58,198.02
136.48,77.8,134.03,41.92,1.65,11.91,39.63,92.45
95.4,187.32,99.38,53.09,1.1,20.17,71.18,161.25
285.05,253.81,6.04,89.86,1.66,41.43,36.95,266.39
231.45,51.72,161.88,21.24,0.65,29.61,32.02,171.33
50.63,355.32,155.7,4.21,0.89,21.48,57.09,153.14
261.86,325.37,111.94,86.44,0.7,42.38,40.3,248.26
151.36,211.98,17.96,58.56,2.23,6.94,64.02,147.22
269.42,387.51,154.47,89.28,4.02,13.41,28.26,351.92
241.96,178.75,118.82,60.5,0.88,27.64,65.85,149.26
133.31,393.96,157.48,81.4,0.83,29.62,39.83,210.73
16.52,273.81,151.59,44.11,3.29,6.58,20.02,177.15
87.92,261.18,161.59,75.49,1.15,21.12,28.89,191.76
167.07,83.06,106.01,91.48,0.67,30.97,85.35,125.6
193.71,355.13,32.36,58.07,1.0,32.92,80.71,231.33
84.79,182.45,135.88,19.72,4.63,30.53,36.35,241.7
50.41,81.65,125.99,28.34,4.14,17.82,74.49,164.64
252.13,24.79,149.74,21.47,1.9,8.74,62.6,196.58
295.48,232.71,38.13,26.19,3.35,22.08,87.96,268.71
162.45,220.41,43.02,32.03,2.78,10.15,46.15,176.39
59.79,293.35,178.63,56.4,3.45,42.9,67.7,226.45
88.97,358.3,151.25,59.62,3.48,24.01,24.45,292.45
15.33,50.17,182.1,43.8,3.22,17.69,47.74,122.15
275.15,297.97,152.95,62.31,1.48,35.65,87.47,315.08
44.15,91.22,121.45,9.99,0.39,24.92,57.73,27.07
177.19,346.11,132.56,10.6,2.39,17.4,40.15,226.9
89.48,331.24,178.38,18.84,4.48,37.48,28.42,284.13
170.71,225.5,117.87,52.77,2.93,39.69,69.25,226.29
198.91,289.89,128.32,22.97,4.2,31.92,65.14,311.69
250.63,139.45,35.51,29.76,4.96,6.88,46.18,262.19
69.86,199.04,97.41,41.23,0.99,27.65,86.57,90.38
13.19,332.22,144.7,81.56,3.52,35.53,21.55,201.95
49.7,194.52,57.83,3.36,3.44,10.46,41.26,113.21
271.01,155.96,44.44,65.64,4.9,14.15,84.47,242.19
263.43,207.8,66.2,67.55,4.93,40.3,42.47,324.22
183.25,334.73,52.09,80.27,3.5,5.8,37.66,291.01
184.15,147.38,46.91,93.41,1.37,35.11,57.4,174.27
202.86,86.03,87.85,3.97,4.03,23.95,77.67,159.48
60.86,290.57,182.03,17.07,0.71,22.87,27.22,152.79
275.18,333.87,103.88,88.84,3.95,5.28,86.01,289.98
131.44,58.24,41.64,46.93,4.57,37.78,75.66,194.33
121.11,111.15,20.01,57.33,2.04,19.39,32.69,120.03
160.49,73.95,140.75,66.98,3.23,26.63,69.84,153.78
23.62,152.22,79.65,68.55,2.26,32.09,46.95,112.12
58.22,191.13,165.26,93.31,2.3,33.11,48.16,144.38
224.03,304.55,133.6,99.7,1.69,43.24,74.83,288.51
34.01,267.44,160.27,72.58,3.86,26.25,87.39,169.16
184.91,255.95,58.03,30.15,4.69,20.99,28.87,234.02
81.15,153.9,140.01,88.22,4.72,43.15,49.44,149.31
122.9,339.75,56.49,6.82,1.04,30.68,53.67,179.28
93.72,199.09,188.12,24.65,4.4,16.93,46.34,206.73
113.15,392.06,129.09,89.94,3.74,10.06,45.42,234.46
218.52,260.97,68.28,27.11,1.41,38.7,23.66,254.75
96.17,67.98,57.55,23.62,0.52,19.49,67.99,89.04
174.26,276.95,42.23,15.54,1.49,31.42,50.54,194.15
148.05,143.54,140.45,86.19,4.58,23.83,33.64,269.41
202.46,280.8,47.65,51.01,3.24,12.96,77.12,258.33
281.68,46.46,121.08,68.14,3.66,29.07,76.18,215.58
222.45,86.45,56.6,25.43,1.43,7.43,54.05,137.43
72.33,345.18,134.08,76.29,3.65,21.53,40.89,255.35
19.04,106.33,163.91,76.48,0.33,26.86,64.67,78.96
86.06,338.08,156.71,32.63,2.0,22.44,40.17,211.25
182.57,126.12,153.37,42.25,3.21,34.95,36.52,196.1
24.91,264.3,41.61,22.55,0.9,38.12,71.14,114.18
153.95,283.78,22.24,97.7,4.15,35.85,22.82,233.59
183.08,214.81,141.3,65.27,1.33,6.55,26.63,206.83
106.93,136.02,76.83,93.59,3.33,12.77,20.48,215.63
233.56,100.8,89.31,31.73,2.14,26.46,30.71,185.12
40.91,32.61,11.07,78.63,3.06,42.39,24.83,54.74
31.79,135.5,55.62,77.05,0.72,38.4,89.71,36.55
221.17,268.2,11.57,69.78,0.28,38.7,40.22,218.73
153.69,376.56,176.44,96.63,4.57,17.13,30.45,323.4
209.64,351.06,52.46,40.57,1.49,22.18,36.87,240.2
136.1,311.1,113.68,14.81,4.13,23.83,85.53,229.81
81.46,319.61,12.6,67.83,5.0,11.29,56.41,241.13
247.54,272.69,135.04,73.47,1.21,6.24,45.54,229.24
241.83,118.91,67.99,58.36,1.47,42.88,81.14,188.72
211.46,364.73,180.09,22.27,3.38,14.63,47.65,288.42
88.92,274.88,178.18,51.44,4.83,14.6,43.45,228.83
181.17,232.97,68.43,32.59,4.6,8.34,34.51,243.13
114.68,62.18,180.69,43.89,2.61,42.14,46.45,145.4
36.56,189.88,199.25,65.23,4.02,28.19,42.17,188.15
276.02,194.94,165.96,75.03,0.85,31.68,67.41,239.85
49.68,348.53,169.75,24.76,4.89,41.46,40.27,159.33
285.57,227.73,53.56,41.72,4.83,18.82,60.4,284.28
139.34,164.55,117.46,28.38,0.99,29.86,24.61,147.99
63.69,391.18,18.11,21.47,1.64,6.55,33.39,215.38
167.15,62.07,23.51,78.77,0.68,12.47,48.52,86.82
263.15,180.57,199.78,91.11,1.5,38.25,85.59,243.21
222.35,35.97,68.69,38.28,4.12,35.67,46.41,245.38
243.9,301.16,150.9,75.63,2.02,19.03,66.49,237.67
201.05,368.87,162.3,89.91,0.62,20.07,37.86,263.53
210.76,126.41,172.31,84.92,1.84,26.34,28.89,194.33
256.27,346.17,199.54,19.92,4.91,5.01,24.1,352.24
82.4,131.04,52.09,95.72,3.22,14.65,41.38,132.41
151.93,366.09,12.87,38.91,2.2,13.33,31.04,208.65
74.15,306.51,85.18,35.25,1.0,15.02,32.18,227.98
296.42,325.86,30.37,8.12,4.93,37.24,73.25,350.59
283.78,26.84,9.37,49.65,4.14,16.19,21.11,260.79
21.43,385.87,75.28,12.68,1.55,12.66,59.05,168.38
214.62,296.13,157.83,26.36,0.54,25.17,46.56,187.03
278.32,135.81,115.41,33.06,0.47,39.63,55.46,208.93
62.37,335.17,65.99,81.26,0.78,14.65,59.4,177.66
174.7,126.98,132.6,87.8,2.99,8.14,41.94,186.63
275.49,351.65,50.24,31.64,4.66,19.26,40.66,361.59
19.84,62.78,7.8,86.15,2.58,34.91,71.34,86.74
212.25,287.4,154.05,86.01,4.25,27.03,80.99,338.76
96.23,225.47,126.63,76.94,2.34,37.67,33.48,175.09
278.07,56.68,153.65,16.38,3.6,43.38,26.83,224.92
291.61,111.92,12.59,69.65,3.71,36.71,82.85,229.17
283.84,24.71,168.24,94.61,1.04,29.15,44.49,235.78
147.52,198.13,125.81,68.89,1.93,24.73,58.59,140.56
259.99,134.48,114.86,34.5,3.26,6.6,45.17,196.7
254.92,247.38,126.8,51.06,0.54,44.37,28.81,236.53
102.54,132.95,173.56,65.28,1.94,20.34,61.25,141.76
250.39,133.97,119.45,52.04,2.77,11.09,56.76,233.05
20.73,302.41,118.29,13.76,4.98,31.67,34.21,239.09
182.92,38.29,198.18,32.58,2.48,16.37,51.63,166.14
76.7,363.1,152.56,80.63,4.12,28.43,75.79,198.69
44.96,343.86,91.25,86.42,2.27,28.47,61.33,230.64
32.32,273.77,142.94,15.46,4.02,22.83,26.78,175.86
211.92,245.42,80.9,95.33,3.06,38.44,58.36,222.52
108.56,359.07,49.63,34.22,4.46,15.6,69.19,271.39
220.18,90.43,121.39,66.91,2.17,22.95,75.49,179.33
28.95,50.01,186.0,75.68,3.1,26.51,64.04,115.45
101.43,111.01,186.18,81.57,3.22,31.54,30.69,196.67
166.45,321.94,71.67,94.68,2.2,36.36,69.71,253.79
239.31,33.17,107.9,32.67,0.89,20.79,67.41,143.69
102.44,241.47,46.27,86.13,0.65,30.84,21.71,186.01
191.51,398.27,199.15,14.91,0.28,11.02,48.82,194.12
266.93,345.16,196.32,71.09,4.39,42.31,43.31,377.19
188.6,218.15,131.65,74.71,1.34,20.32,66.86,179.3
77.56,44.18,161.86,68.42,1.22,34.18,35.13,139.42
17.08,335.92,144.44,26.73,3.73,5.81,61.36,200.62
262.33,247.61,120.67,87.56,1.74,13.21,83.92,231.14
16.17,63.67,15.4,18.55,2.63,24.48,75.85,78.54
263.66,55.67,93.68,7.26,0.98,40.13,84.5,184.57
163.39,365.66,136.58,72.31,4.81,26.09,88.5,311.64
282.33,274.3,137.12,48.6,4.29,42.19,20.75,309.57
241.65,335.13,77.76,85.21,4.35,24.35,63.59,301.26
299.4,354.01,188.63,39.57,2.15,24.62,48.9,325.81
111.71,237.27,37.63,18.49,3.86,9.79,80.19,188.52
232.48,216.63,102.57,83.97,0.89,37.11,37.63,235.39
126.56,183.56,139.72,55.79,0.24,14.88,88.67,79.7
149.16,140.44,140.94,20.54,0.3,40.98,62.96,142.42
191.98,185.15,131.48,72.6,3.02,41.43,75.55,215.58
263.37,314.07,58.68,52.09,2.39,42.73,25.99,261.89
295.38,248.73,35.46,61.22,2.69,25.81,32.84,260.91
232.8,359.16,129.01,47.17,0.24,32.08,73.09,232.18
131.15,188.48,121.86,83.21,2.23,36.14,21.54,102.92
132.19,250.69,39.97,83.3,3.65,10.24,77.18,189.94
223.9,259.9,142.5,71.52,2.32,29.04,20.98,243.78
79.25,244.84,93.76,12.33,3.71,6.37,66.0,200.78
42.04,287.0,135.21,84.21,1.32,24.9,45.56,135.18
112.84,110.22,168.29,67.76,4.1,11.19,62.8,187.7
93.3,214.7,38.1,70.31,3.02,12.32,68.72,204.05
95.93,59.61,8.73,37.57,1.21,19.6,43.97,107.22
77.75,166.11,156.93,88.17,1.34,22.3,27.56,170.0
22.21,205.31,123.89,73.09,3.21,29.93,24.88,149.02
15.18,267.85,141.43,13.03,4.18,7.98,61.23,196.34
296.44,381.2,168.44,41.96,2.2,25.15,56.45,321.68
134.05,248.25,161.55,88.87,1.44,12.31,71.95,185.01
121.45,302.57,192.38,6.63,4.36,27.96,55.68,271.37
207.1,212.38,109.51,96.22,3.41,30.5,49.57,237.19
73.29,260.96,100.26,68.56,2.35,27.27,47.87,211.81
285.49,46.95,83.37,63.87,2.54,34.53,21.85,220.13
238.04,116.67,34.97,28.51,1.18,18.42,43.49,189.88
35.93,157.5,116.66,26.38,3.21,35.6,88.32,165.28
131.1,199.55,59.02,94.32,1.92,22.31,81.15,186.5
264.94,37.35,184.65,31.23,4.98,24.37,43.06,235.19
283.97,73.21,118.72,78.0,2.5,30.92,61.15,238.27
145.55,125.19,120.6,40.53,2.53,5.73,79.31,186.58
187.89,389.18,74.21,15.65,2.92,31.16,50.89,292.54
58.44,145.91,15.14,3.05,4.6,29.74,21.26,134.12
297.44,203.18,11.19,55.34,4.04,17.39,25.22,274.25
77.18,94.52,87.55,97.63,2.37,8.43,55.73,149.76
283.39,252.1,21.49,38.18,3.65,8.64,87.86,253.04
198.4,126.66,123.34,37.0,3.01,41.93,68.52,197.72
186.24,98.66,176.79,35.72,2.56,32.57,24.96,244.76
158.68,216.3,177.17,53.01,1.12,10.08,33.26,196.19
76.89,22.09,133.51,45.19,2.43,19.27,73.99,84.53
61.19,22.91,46.19,88.23,1.38,28.7,78.9,37.52
73.94,103.25,173.28,51.54,4.59,38.42,63.24,188.9
64.07,33.95,177.79,51.76,1.81,6.75,65.11,66.29
236.08,61.05,43.35,15.56,4.77,14.47,21.98,229.2
111.54,148.77,148.8,98.31,2.76,40.59,78.0,180.12
26.77,324.98,60.87,26.5,3.23,5.37,75.18,200.23
291.04,237.38,161.51,9.19,2.81,13.06,38.13,311.4
266.3,214.81,199.46,66.99,0.82,43.36,69.61,221.85
279.05,131.53,10.86,60.35,2.0,29.54,35.04,246.14
298.52,374.07,179.99,42.68,0.68,15.47,22.82,301.01
60.43,170.87,126.41,43.37,3.19,7.68,34.08,133.78
124.91,53.1,194.81,78.94,2.34,6.13,32.5,157.99
229.89,254.49,95.68,21.18,3.93,14.79,43.64,314.01
211.85,63.26,170.24,82.38,1.26,40.26,49.29,181.73
54.63,151.18,17.17,65.58,0.99,21.64,55.6,86.09
246.59,212.82,70.38,43.06,2.15,33.81,53.37,273.44
75.09,352.2,18.07,46.89,4.65,41.73,38.95,197.04
74.91,207.55,195.19,27.15,3.61,21.32,22.04,174.92
165.72,286.86,164.31,75.71,2.21,12.65,62.36,194.45
181.95,397.27,171.25,52.26,2.68,25.68,47.7,298.24
178.23,69.97,187.9,33.44,0.6,41.32,40.91,154.92
36.53,124.4,21.6,60.41,4.93,37.17,80.69,178.91
264.46,169.94,80.19,99.58,3.4,7.63,72.27,261.61
87.02,180.29,18.85,44.66,1.57,32.7,80.04,103.12
47.56,176.19,46.1,92.23,3.01,27.88,54.65,138.93
267.74,364.89,49.73,35.81,0.73,41.3,29.17,265.66
287.14,291.33,96.48,7.36,4.84,9.9,68.74,285.38
260.02,251.0,57.37,22.02,1.04,26.36,34.43,297.22
244.76,137.56,24.69,43.03,3.31,40.18,50.89,236.82
200.02,333.04,37.66,23.52,1.38,21.4,24.55,235.29
169.75,382.92,33.72,2.02,3.64,24.28,77.77,271.55
35.23,332.06,194.75,91.67,3.93,7.82,28.82,253.04
128.45,20.59,153.06,84.7,3.43,16.13,83.22,149.6
118.08,261.83,193.71,74.74,3.15,17.98,80.5,206.87
85.33,39.43,90.75,18.45,4.48,42.8,52.52,163.32
219.79,117.89,59.28,13.8,0.58,16.31,72.11,158.11
153.8,42.62,160.67,8.63,1.79,23.43,63.36,119.23
33.5,249.44,68.62,72.95,1.39,31.85,76.22,153.01
73.85,280.9,63.38,93.02,4.94,11.49,50.23,234.24
208.15,63.51,50.34,44.19,2.07,24.46,75.01,174.76
32.08,165.86,30.29,13.68,3.72,34.54,52.37,166.71
256.85,193.37,55.01,52.21,3.49,39.67,85.87,247.25
153.59,160.24,74.29,36.19,1.22,30.05,54.05,159.45
149.37,65.99,136.43,38.73,1.35,31.76,52.38,157.18
181.8,179.2,17.2,62.89,1.55,10.05,74.96,144.78
249.16,305.45,46.05,72.43,2.17,42.83,77.51,254.17
110.86,46.98,162.76,12.84,1.32,10.3,58.81,115.26
206.62,50.47,33.65,5.49,0.29,35.99,32.59,97.85
174.06,154.81,71.82,99.44,4.42,15.59,52.74,288.3
87.44,377.86,173.61,24.81,4.83,42.34,87.77,229.37
264.8,274.06,35.21,7.28,1.84,33.8,72.71,204.92
241.25,277.89,21.13,20.61,1.82,35.15,76.78,256.5
200.95,157.53,99.48,5.82,0.23,13.76,22.3,183.95
256.67,245.59,63.97,40.4,3.47,22.72,52.75,246.77
261.52,23.85,114.86,80.64,4.16,29.71,65.26,247.76
215.43,261.72,161.74,35.44,0.9,35.8,78.1,253.39
252.73,367.05,31.74,45.53,0.97,9.16,23.45,258.99
212.27,252.78,118.24,68.21,3.99,43.49,79.67,333.31
207.24,352.01,103.57,51.87,3.16,40.61,58.39,237.71
189.4,295.11,33.1,86.42,0.42,15.81,33.81,214.1
228.29,65.81,126.68,86.87,3.19,37.91,42.21,248.21
56.0,362.93,58.36,2.97,1.68,25.73,39.74,192.81
265.45,45.25,100.13,78.25,1.97,23.47,57.16,191.29
262.83,222.91,21.04,47.15,3.89,17.58,23.62,270.66
18.48,74.01,94.62,98.91,4.09,28.24,31.1,143.83
249.49,24.45,64.76,49.36,2.12,34.2,76.89,189.69
47.37,180.37,165.36,98.72,4.75,21.44,29.28,222.02
107.18,132.12,16.11,75.95,2.15,30.17,36.34,162.14
225.62,204.68,86.63,26.36,3.9,32.97,51.74,231.18
56.62,239.34,94.39,54.76,2.52,33.44,56.2,152.31
247.21,36.62,146.38,99.23,4.51,7.08,73.45,218.45
251.32,66.74,116.99,86.04,4.56,39.39,51.31,243.84
157.17,232.28,135.11,11.54,0.62,23.33,75.29,191.64
11.85,150.4,156.52,71.22,4.7,15.5,63.28,167.19
93.24,297.09,173.13,35.87,4.16,14.67,27.92,313.96
188.91,267.87,66.21,2.68,4.0,24.32,30.94,263.88
294.54,341.33,109.91,41.54,1.16,40.47,50.59,285.32
193.23,283.15,168.82,25.01,4.06,20.13,47.78,287.35
85.34,183.37,197.94,82.25,4.28,34.99,72.05,193.53
193.86,275.73,178.46,35.06,1.59,8.87,60.65,231.01
166.6,124.64,77.44,83.1,4.77,24.04,47.17,253.93
236.16,136.4,43.06,2.06,0.44,44.67,31.95,169.88
41.02,319.81,100.43,32.17,0.92,35.82,35.88,127.56
230.7,189.64,149.62,25.63,2.78,13.42,60.29,219.11
166.97,323.38,101.05,24.89,2.96,25.06,49.64,236.25
289.27,332.52,99.22,8.68,3.3,14.34,56.04,316.14
109.14,345.87,168.45,20.34,0.28,21.38,31.95,219.91
193.46,368.32,75.47,56.44,4.81,36.2,66.4,270.73
280.29,183.77,172.66,30.55,0.41,35.85,79.68,209.16
39.73,141.17,84.33,42.9,0.89,14.12,38.06,93.36
281.8,241.24,69.01,38.93,0.27,41.89,54.41,174.2
209.49,161.05,93.53,87.84,2.92,28.7,88.29,191.62
29.67,248.41,153.68,90.72,4.67,20.2,43.33,192.57
97.28,288.12,29.57,50.31,3.4,25.08,61.65,175.63
215.37,281.59,43.3,34.36,4.15,29.2,26.31,284.16
29.53,162.33,190.53,12.47,0.26,27.4,62.42,85.28
178.83,83.41,39.22,95.43,2.8,24.46,26.27,166.06
110.31,183.6,115.71,7.9,2.41,25.2,87.15,166.92
190.07,74.19,117.97,31.17,2.6,12.06,70.1,218.05
23.27,358.24,100.48,31.21,0.55,37.51,75.17,171.75
262.75,151.43,130.73,33.4,3.49,26.67,69.29,207.23
292.31,78.69,49.82,18.1,2.62,10.24,61.28,229.98
290.97,29.67,112.77,78.75,3.87,35.65,51.49,242.32
227.4,265.41,77.57,14.0,2.53,42.3,80.09,240.69
47.73,262.02,134.03,64.22,0.92,42.89,86.98,118.05
